{"_harvested_at":1784629112.2984567,"sections":{"business":{},"culture":{"world cup":[3,1784629112.2984567]},"mideast":{"10th":[3,1784629112.2984567],"asean":[2,1784629112.2984567],"iran war":[2,1784629112.2984567],"middle east":[8,1784629112.2984567],"saudi arabia":[2,1784629112.2984567],"u.s. troops":[2,1784629112.2984567]},"sports":{"2026":[2,1784629112.2984567],"cup final":[2,1784629112.2984567],"fifa":[3,1784629112.2984567],"lebron":[2,1784629112.2984567],"lionel messi":[2,1784629112.2984567],"warde manuel":[2,1784629112.2984567],"world cup":[9,1784629112.2984567]},"tech":{"2026":[3,1784629112.2984567]},"us":{"world cup":[3,1784629112.2984567]},"world":{"andy burnham":[2,1784629112.2984567],"world cup":[3,1784629112.2984567]}}}