{"_harvested_at":1784630475.7767634,"sections":{"business":{},"culture":{"world cup":[6,1784630475.7767634]},"mideast":{"10th":[5,1784630475.7767634],"asean":[4,1784630475.7767634],"iran war":[1,1784629112.2984567],"middle east":[12,1784630475.7767634],"of hormuz":[2,1784630475.7767634],"saudi arabia":[4,1784630475.7767634],"strait of":[2,1784630475.7767634],"strait of hormuz":[2,1784630475.7767634],"u.s. troops":[4,1784630475.7767634]},"sports":{"2026":[5,1784630475.7767634],"cup final":[4,1784630475.7767634],"fifa":[7,1784630475.7767634],"lebron":[4,1784630475.7767634],"lionel messi":[1,1784629112.2984567],"warde manuel":[4,1784630475.7767634],"world cup":[12,1784630475.7767634]},"tech":{"2026":[6,1784630475.7767634]},"us":{"world cup":[6,1784630475.7767634]},"world":{"10th":[2,1784630475.7767634],"andy burnham":[1,1784629112.2984567],"of hormuz":[2,1784630475.7767634],"strait of":[3,1784630475.7767634],"strait of hormuz":[2,1784630475.7767634],"world cup":[6,1784630475.7767634]}}}